-- =====================================================
-- 智慧医养平台 - 基础测试数据
-- 生成时间: 2025-10-30T00:23:55.928Z
-- =====================================================

USE smartcare_cloud;

SET FOREIGN_KEY_CHECKS = 0;

-- =====================================================
-- 1. 机构信息数据
-- =====================================================
TRUNCATE TABLE organization_info;
INSERT INTO organization_info (id, org_code, org_name, org_type, parent_org_id, contact_person, contact_phone, address, capacity, current_occupancy, status) VALUES
(1, 'ORG001', '智慧医养综合服务中心', 'nursing_home', NULL, '李经理', '13800138000', '北京市朝阳区XX路XX号', 200, 127, 1),
(2, 'ORG002', '附属康复医院', 'hospital', NULL, '李经理', '13800138000', '北京市朝阳区XX路XX号', 100, 85, 1),
(3, 'ORG003', '阳光养老院', 'nursing_home', NULL, '李经理', '13800138000', '北京市朝阳区XX路XX号', 150, 112, 1),
(4, 'ORG004', '社区健康服务中心', 'community', NULL, '李经理', '13800138000', '北京市朝阳区XX路XX号', 50, 35, 1);

-- =====================================================
-- 2. 系统用户数据
-- =====================================================
-- 2.1 系统管理员
TRUNCATE TABLE sys_user;
INSERT INTO sys_user (id, username, password, real_name, gender, phone, email, role_code, role_name, organization_id, status) VALUES
-- 2.2 业务管理员
-- 2.3 医生用户
-- 2.4 护工用户
-- 2.5 社工用户
-- 2.6 家属用户
(1, 'admin', '$2a$10$N.zmdr9k7uOCQb376NoUnuTJ8iAt6Z5EHsM8lE9lBOsl7iAt6Z5EH', '系统管理员', 1, '13800138000', 'admin1@smartcare.com', 'system_admin', '系统管理员', 3, 1),
(2, 'admin2', '$2a$10$N.zmdr9k7uOCQb376NoUnuTJ8iAt6Z5EHsM8lE9lBOsl7iAt6Z5EH', '管理员2', 1, '13800138001', 'admin2@smartcare.com', 'system_admin', '系统管理员', 1, 1),
(3, 'admin3', '$2a$10$N.zmdr9k7uOCQb376NoUnuTJ8iAt6Z5EHsM8lE9lBOsl7iAt6Z5EH', '管理员3', 0, '13800138002', 'admin3@smartcare.com', 'system_admin', '系统管理员', 3, 1),
(4, 'business_admin1', '$2a$10$N.zmdr9k7uOCQb376NoUnuTJ8iAt6Z5EHsM8lE9lBOsl7iAt6Z5EH', '业务管理员1', 0, '13800138010', 'business1@smartcare.com', 'business_admin', '业务管理员', 1, 1),
(5, 'business_admin2', '$2a$10$N.zmdr9k7uOCQb376NoUnuTJ8iAt6Z5EHsM8lE9lBOsl7iAt6Z5EH', '业务管理员2', 1, '13800138011', 'business2@smartcare.com', 'business_admin', '业务管理员', 2, 1),
(6, 'business_admin3', '$2a$10$N.zmdr9k7uOCQb376NoUnuTJ8iAt6Z5EHsM8lE9lBOsl7iAt6Z5EH', '业务管理员3', 0, '13800138012', 'business3@smartcare.com', 'business_admin', '业务管理员', 3, 1),
(7, 'doctor1', '$2a$10$N.zmdr9k7uOCQb376NoUnuTJ8iAt6Z5EHsM8lE9lBOsl7iAt6Z5EH', '张伟医生', 0, '138001380200', 'doctor1@smartcare.com', 'doctor', '医生', 3, 1),
(8, 'doctor2', '$2a$10$N.zmdr9k7uOCQb376NoUnuTJ8iAt6Z5EHsM8lE9lBOsl7iAt6Z5EH', '李娜医生', 0, '138001380201', 'doctor2@smartcare.com', 'doctor', '医生', 1, 1),
(9, 'doctor3', '$2a$10$N.zmdr9k7uOCQb376NoUnuTJ8iAt6Z5EHsM8lE9lBOsl7iAt6Z5EH', '王芳医生', 1, '138001380202', 'doctor3@smartcare.com', 'doctor', '医生', 3, 1),
(10, 'doctor4', '$2a$10$N.zmdr9k7uOCQb376NoUnuTJ8iAt6Z5EHsM8lE9lBOsl7iAt6Z5EH', '刘强医生', 0, '138001380203', 'doctor4@smartcare.com', 'doctor', '医生', 1, 1),
(11, 'doctor5', '$2a$10$N.zmdr9k7uOCQb376NoUnuTJ8iAt6Z5EHsM8lE9lBOsl7iAt6Z5EH', '陈敏医生', 0, '138001380204', 'doctor5@smartcare.com', 'doctor', '医生', 2, 1),
(12, 'doctor6', '$2a$10$N.zmdr9k7uOCQb376NoUnuTJ8iAt6Z5EHsM8lE9lBOsl7iAt6Z5EH', '杨洋医生', 0, '138001380205', 'doctor6@smartcare.com', 'doctor', '医生', 4, 1),
(13, 'doctor7', '$2a$10$N.zmdr9k7uOCQb376NoUnuTJ8iAt6Z5EHsM8lE9lBOsl7iAt6Z5EH', '赵丽医生', 0, '138001380206', 'doctor7@smartcare.com', 'doctor', '医生', 4, 1),
(14, 'doctor8', '$2a$10$N.zmdr9k7uOCQb376NoUnuTJ8iAt6Z5EHsM8lE9lBOsl7iAt6Z5EH', '黄刚医生', 1, '138001380207', 'doctor8@smartcare.com', 'doctor', '医生', 4, 1),
(15, 'doctor9', '$2a$10$N.zmdr9k7uOCQb376NoUnuTJ8iAt6Z5EHsM8lE9lBOsl7iAt6Z5EH', '周静医生', 0, '138001380208', 'doctor9@smartcare.com', 'doctor', '医生', 2, 1),
(16, 'doctor10', '$2a$10$N.zmdr9k7uOCQb376NoUnuTJ8iAt6Z5EHsM8lE9lBOsl7iAt6Z5EH', '吴军医生', 1, '138001380209', 'doctor10@smartcare.com', 'doctor', '医生', 3, 1),
(17, 'nurse1', '$2a$10$N.zmdr9k7uOCQb376NoUnuTJ8iAt6Z5EHsM8lE9lBOsl7iAt6Z5EH', '护工1', 1, '138001380300', 'nurse1@smartcare.com', 'nurse', '护工', 2, 1),
(18, 'nurse2', '$2a$10$N.zmdr9k7uOCQb376NoUnuTJ8iAt6Z5EHsM8lE9lBOsl7iAt6Z5EH', '护工2', 0, '138001380301', 'nurse2@smartcare.com', 'nurse', '护工', 3, 1),
(19, 'nurse3', '$2a$10$N.zmdr9k7uOCQb376NoUnuTJ8iAt6Z5EHsM8lE9lBOsl7iAt6Z5EH', '护工3', 0, '138001380302', 'nurse3@smartcare.com', 'nurse', '护工', 3, 1),
(20, 'nurse4', '$2a$10$N.zmdr9k7uOCQb376NoUnuTJ8iAt6Z5EHsM8lE9lBOsl7iAt6Z5EH', '护工4', 1, '138001380303', 'nurse4@smartcare.com', 'nurse', '护工', 1, 1),
(21, 'nurse5', '$2a$10$N.zmdr9k7uOCQb376NoUnuTJ8iAt6Z5EHsM8lE9lBOsl7iAt6Z5EH', '护工5', 0, '138001380304', 'nurse5@smartcare.com', 'nurse', '护工', 2, 1),
(22, 'nurse6', '$2a$10$N.zmdr9k7uOCQb376NoUnuTJ8iAt6Z5EHsM8lE9lBOsl7iAt6Z5EH', '护工6', 0, '138001380305', 'nurse6@smartcare.com', 'nurse', '护工', 1, 1),
(23, 'nurse7', '$2a$10$N.zmdr9k7uOCQb376NoUnuTJ8iAt6Z5EHsM8lE9lBOsl7iAt6Z5EH', '护工7', 0, '138001380306', 'nurse7@smartcare.com', 'nurse', '护工', 1, 1),
(24, 'nurse8', '$2a$10$N.zmdr9k7uOCQb376NoUnuTJ8iAt6Z5EHsM8lE9lBOsl7iAt6Z5EH', '护工8', 1, '138001380307', 'nurse8@smartcare.com', 'nurse', '护工', 1, 1),
(25, 'nurse9', '$2a$10$N.zmdr9k7uOCQb376NoUnuTJ8iAt6Z5EHsM8lE9lBOsl7iAt6Z5EH', '护工9', 1, '138001380308', 'nurse9@smartcare.com', 'nurse', '护工', 4, 1),
(26, 'nurse10', '$2a$10$N.zmdr9k7uOCQb376NoUnuTJ8iAt6Z5EHsM8lE9lBOsl7iAt6Z5EH', '护工10', 1, '138001380309', 'nurse10@smartcare.com', 'nurse', '护工', 1, 1),
(27, 'nurse11', '$2a$10$N.zmdr9k7uOCQb376NoUnuTJ8iAt6Z5EHsM8lE9lBOsl7iAt6Z5EH', '护工11', 0, '138001380310', 'nurse11@smartcare.com', 'nurse', '护工', 2, 1),
(28, 'nurse12', '$2a$10$N.zmdr9k7uOCQb376NoUnuTJ8iAt6Z5EHsM8lE9lBOsl7iAt6Z5EH', '护工12', 1, '138001380311', 'nurse12@smartcare.com', 'nurse', '护工', 3, 1),
(29, 'nurse13', '$2a$10$N.zmdr9k7uOCQb376NoUnuTJ8iAt6Z5EHsM8lE9lBOsl7iAt6Z5EH', '护工13', 0, '138001380312', 'nurse13@smartcare.com', 'nurse', '护工', 3, 1),
(30, 'nurse14', '$2a$10$N.zmdr9k7uOCQb376NoUnuTJ8iAt6Z5EHsM8lE9lBOsl7iAt6Z5EH', '护工14', 1, '138001380313', 'nurse14@smartcare.com', 'nurse', '护工', 1, 1),
(31, 'nurse15', '$2a$10$N.zmdr9k7uOCQb376NoUnuTJ8iAt6Z5EHsM8lE9lBOsl7iAt6Z5EH', '护工15', 0, '138001380314', 'nurse15@smartcare.com', 'nurse', '护工', 1, 1),
(32, 'nurse16', '$2a$10$N.zmdr9k7uOCQb376NoUnuTJ8iAt6Z5EHsM8lE9lBOsl7iAt6Z5EH', '护工16', 0, '138001380315', 'nurse16@smartcare.com', 'nurse', '护工', 3, 1),
(33, 'nurse17', '$2a$10$N.zmdr9k7uOCQb376NoUnuTJ8iAt6Z5EHsM8lE9lBOsl7iAt6Z5EH', '护工17', 1, '138001380316', 'nurse17@smartcare.com', 'nurse', '护工', 2, 1),
(34, 'nurse18', '$2a$10$N.zmdr9k7uOCQb376NoUnuTJ8iAt6Z5EHsM8lE9lBOsl7iAt6Z5EH', '护工18', 0, '138001380317', 'nurse18@smartcare.com', 'nurse', '护工', 2, 1),
(35, 'nurse19', '$2a$10$N.zmdr9k7uOCQb376NoUnuTJ8iAt6Z5EHsM8lE9lBOsl7iAt6Z5EH', '护工19', 1, '138001380318', 'nurse19@smartcare.com', 'nurse', '护工', 4, 1),
(36, 'nurse20', '$2a$10$N.zmdr9k7uOCQb376NoUnuTJ8iAt6Z5EHsM8lE9lBOsl7iAt6Z5EH', '护工20', 0, '138001380319', 'nurse20@smartcare.com', 'nurse', '护工', 3, 1),
(37, 'social_worker1', '$2a$10$N.zmdr9k7uOCQb376NoUnuTJ8iAt6Z5EHsM8lE9lBOsl7iAt6Z5EH', '社工1', 1, '138001380400', 'social1@smartcare.com', 'social_worker', '社工', 1, 1),
(38, 'social_worker2', '$2a$10$N.zmdr9k7uOCQb376NoUnuTJ8iAt6Z5EHsM8lE9lBOsl7iAt6Z5EH', '社工2', 1, '138001380401', 'social2@smartcare.com', 'social_worker', '社工', 4, 1),
(39, 'social_worker3', '$2a$10$N.zmdr9k7uOCQb376NoUnuTJ8iAt6Z5EHsM8lE9lBOsl7iAt6Z5EH', '社工3', 1, '138001380402', 'social3@smartcare.com', 'social_worker', '社工', 4, 1),
(40, 'social_worker4', '$2a$10$N.zmdr9k7uOCQb376NoUnuTJ8iAt6Z5EHsM8lE9lBOsl7iAt6Z5EH', '社工4', 1, '138001380403', 'social4@smartcare.com', 'social_worker', '社工', 1, 1),
(41, 'social_worker5', '$2a$10$N.zmdr9k7uOCQb376NoUnuTJ8iAt6Z5EHsM8lE9lBOsl7iAt6Z5EH', '社工5', 0, '138001380404', 'social5@smartcare.com', 'social_worker', '社工', 1, 1),
(42, 'family1', '$2a$10$N.zmdr9k7uOCQb376NoUnuTJ8iAt6Z5EHsM8lE9lBOsl7iAt6Z5EH', '家属1', 1, '138001380500', 'family1@smartcare.com', 'family', '家属', NULL, 1),
(43, 'family2', '$2a$10$N.zmdr9k7uOCQb376NoUnuTJ8iAt6Z5EHsM8lE9lBOsl7iAt6Z5EH', '家属2', 1, '138001380501', 'family2@smartcare.com', 'family', '家属', NULL, 1),
(44, 'family3', '$2a$10$N.zmdr9k7uOCQb376NoUnuTJ8iAt6Z5EHsM8lE9lBOsl7iAt6Z5EH', '家属3', 0, '138001380502', 'family3@smartcare.com', 'family', '家属', NULL, 1),
(45, 'family4', '$2a$10$N.zmdr9k7uOCQb376NoUnuTJ8iAt6Z5EHsM8lE9lBOsl7iAt6Z5EH', '家属4', 1, '138001380503', 'family4@smartcare.com', 'family', '家属', NULL, 1),
(46, 'family5', '$2a$10$N.zmdr9k7uOCQb376NoUnuTJ8iAt6Z5EHsM8lE9lBOsl7iAt6Z5EH', '家属5', 1, '138001380504', 'family5@smartcare.com', 'family', '家属', NULL, 1),
(47, 'family6', '$2a$10$N.zmdr9k7uOCQb376NoUnuTJ8iAt6Z5EHsM8lE9lBOsl7iAt6Z5EH', '家属6', 1, '138001380505', 'family6@smartcare.com', 'family', '家属', NULL, 1),
(48, 'family7', '$2a$10$N.zmdr9k7uOCQb376NoUnuTJ8iAt6Z5EHsM8lE9lBOsl7iAt6Z5EH', '家属7', 0, '138001380506', 'family7@smartcare.com', 'family', '家属', NULL, 1),
(49, 'family8', '$2a$10$N.zmdr9k7uOCQb376NoUnuTJ8iAt6Z5EHsM8lE9lBOsl7iAt6Z5EH', '家属8', 0, '138001380507', 'family8@smartcare.com', 'family', '家属', NULL, 1),
(50, 'family9', '$2a$10$N.zmdr9k7uOCQb376NoUnuTJ8iAt6Z5EHsM8lE9lBOsl7iAt6Z5EH', '家属9', 0, '138001380508', 'family9@smartcare.com', 'family', '家属', NULL, 1),
(51, 'family10', '$2a$10$N.zmdr9k7uOCQb376NoUnuTJ8iAt6Z5EHsM8lE9lBOsl7iAt6Z5EH', '家属10', 0, '138001380509', 'family10@smartcare.com', 'family', '家属', NULL, 1),
(52, 'family11', '$2a$10$N.zmdr9k7uOCQb376NoUnuTJ8iAt6Z5EHsM8lE9lBOsl7iAt6Z5EH', '家属11', 1, '138001380510', 'family11@smartcare.com', 'family', '家属', NULL, 1),
(53, 'family12', '$2a$10$N.zmdr9k7uOCQb376NoUnuTJ8iAt6Z5EHsM8lE9lBOsl7iAt6Z5EH', '家属12', 0, '138001380511', 'family12@smartcare.com', 'family', '家属', NULL, 1),
(54, 'family13', '$2a$10$N.zmdr9k7uOCQb376NoUnuTJ8iAt6Z5EHsM8lE9lBOsl7iAt6Z5EH', '家属13', 1, '138001380512', 'family13@smartcare.com', 'family', '家属', NULL, 1),
(55, 'family14', '$2a$10$N.zmdr9k7uOCQb376NoUnuTJ8iAt6Z5EHsM8lE9lBOsl7iAt6Z5EH', '家属14', 1, '138001380513', 'family14@smartcare.com', 'family', '家属', NULL, 1),
(56, 'family15', '$2a$10$N.zmdr9k7uOCQb376NoUnuTJ8iAt6Z5EHsM8lE9lBOsl7iAt6Z5EH', '家属15', 1, '138001380514', 'family15@smartcare.com', 'family', '家属', NULL, 1),
(57, 'family16', '$2a$10$N.zmdr9k7uOCQb376NoUnuTJ8iAt6Z5EHsM8lE9lBOsl7iAt6Z5EH', '家属16', 1, '138001380515', 'family16@smartcare.com', 'family', '家属', NULL, 1),
(58, 'family17', '$2a$10$N.zmdr9k7uOCQb376NoUnuTJ8iAt6Z5EHsM8lE9lBOsl7iAt6Z5EH', '家属17', 0, '138001380516', 'family17@smartcare.com', 'family', '家属', NULL, 1),
(59, 'family18', '$2a$10$N.zmdr9k7uOCQb376NoUnuTJ8iAt6Z5EHsM8lE9lBOsl7iAt6Z5EH', '家属18', 0, '138001380517', 'family18@smartcare.com', 'family', '家属', NULL, 1),
(60, 'family19', '$2a$10$N.zmdr9k7uOCQb376NoUnuTJ8iAt6Z5EHsM8lE9lBOsl7iAt6Z5EH', '家属19', 1, '138001380518', 'family19@smartcare.com', 'family', '家属', NULL, 1),
(61, 'family20', '$2a$10$N.zmdr9k7uOCQb376NoUnuTJ8iAt6Z5EHsM8lE9lBOsl7iAt6Z5EH', '家属20', 1, '138001380519', 'family20@smartcare.com', 'family', '家属', NULL, 1),
(62, 'family21', '$2a$10$N.zmdr9k7uOCQb376NoUnuTJ8iAt6Z5EHsM8lE9lBOsl7iAt6Z5EH', '家属21', 0, '138001380520', 'family21@smartcare.com', 'family', '家属', NULL, 1),
(63, 'family22', '$2a$10$N.zmdr9k7uOCQb376NoUnuTJ8iAt6Z5EHsM8lE9lBOsl7iAt6Z5EH', '家属22', 1, '138001380521', 'family22@smartcare.com', 'family', '家属', NULL, 1),
(64, 'family23', '$2a$10$N.zmdr9k7uOCQb376NoUnuTJ8iAt6Z5EHsM8lE9lBOsl7iAt6Z5EH', '家属23', 1, '138001380522', 'family23@smartcare.com', 'family', '家属', NULL, 1),
(65, 'family24', '$2a$10$N.zmdr9k7uOCQb376NoUnuTJ8iAt6Z5EHsM8lE9lBOsl7iAt6Z5EH', '家属24', 0, '138001380523', 'family24@smartcare.com', 'family', '家属', NULL, 1),
(66, 'family25', '$2a$10$N.zmdr9k7uOCQb376NoUnuTJ8iAt6Z5EHsM8lE9lBOsl7iAt6Z5EH', '家属25', 1, '138001380524', 'family25@smartcare.com', 'family', '家属', NULL, 1),
(67, 'family26', '$2a$10$N.zmdr9k7uOCQb376NoUnuTJ8iAt6Z5EHsM8lE9lBOsl7iAt6Z5EH', '家属26', 0, '138001380525', 'family26@smartcare.com', 'family', '家属', NULL, 1),
(68, 'family27', '$2a$10$N.zmdr9k7uOCQb376NoUnuTJ8iAt6Z5EHsM8lE9lBOsl7iAt6Z5EH', '家属27', 1, '138001380526', 'family27@smartcare.com', 'family', '家属', NULL, 1),
(69, 'family28', '$2a$10$N.zmdr9k7uOCQb376NoUnuTJ8iAt6Z5EHsM8lE9lBOsl7iAt6Z5EH', '家属28', 1, '138001380527', 'family28@smartcare.com', 'family', '家属', NULL, 1),
(70, 'family29', '$2a$10$N.zmdr9k7uOCQb376NoUnuTJ8iAt6Z5EHsM8lE9lBOsl7iAt6Z5EH', '家属29', 0, '138001380528', 'family29@smartcare.com', 'family', '家属', NULL, 1),
(71, 'family30', '$2a$10$N.zmdr9k7uOCQb376NoUnuTJ8iAt6Z5EHsM8lE9lBOsl7iAt6Z5EH', '家属30', 0, '138001380529', 'family30@smartcare.com', 'family', '家属', NULL, 1),
(72, 'family31', '$2a$10$N.zmdr9k7uOCQb376NoUnuTJ8iAt6Z5EHsM8lE9lBOsl7iAt6Z5EH', '家属31', 1, '138001380530', 'family31@smartcare.com', 'family', '家属', NULL, 1),
(73, 'family32', '$2a$10$N.zmdr9k7uOCQb376NoUnuTJ8iAt6Z5EHsM8lE9lBOsl7iAt6Z5EH', '家属32', 1, '138001380531', 'family32@smartcare.com', 'family', '家属', NULL, 1),
(74, 'family33', '$2a$10$N.zmdr9k7uOCQb376NoUnuTJ8iAt6Z5EHsM8lE9lBOsl7iAt6Z5EH', '家属33', 0, '138001380532', 'family33@smartcare.com', 'family', '家属', NULL, 1),
(75, 'family34', '$2a$10$N.zmdr9k7uOCQb376NoUnuTJ8iAt6Z5EHsM8lE9lBOsl7iAt6Z5EH', '家属34', 0, '138001380533', 'family34@smartcare.com', 'family', '家属', NULL, 1),
(76, 'family35', '$2a$10$N.zmdr9k7uOCQb376NoUnuTJ8iAt6Z5EHsM8lE9lBOsl7iAt6Z5EH', '家属35', 0, '138001380534', 'family35@smartcare.com', 'family', '家属', NULL, 1),
(77, 'family36', '$2a$10$N.zmdr9k7uOCQb376NoUnuTJ8iAt6Z5EHsM8lE9lBOsl7iAt6Z5EH', '家属36', 0, '138001380535', 'family36@smartcare.com', 'family', '家属', NULL, 1),
(78, 'family37', '$2a$10$N.zmdr9k7uOCQb376NoUnuTJ8iAt6Z5EHsM8lE9lBOsl7iAt6Z5EH', '家属37', 1, '138001380536', 'family37@smartcare.com', 'family', '家属', NULL, 1),
(79, 'family38', '$2a$10$N.zmdr9k7uOCQb376NoUnuTJ8iAt6Z5EHsM8lE9lBOsl7iAt6Z5EH', '家属38', 1, '138001380537', 'family38@smartcare.com', 'family', '家属', NULL, 1),
(80, 'family39', '$2a$10$N.zmdr9k7uOCQb376NoUnuTJ8iAt6Z5EHsM8lE9lBOsl7iAt6Z5EH', '家属39', 1, '138001380538', 'family39@smartcare.com', 'family', '家属', NULL, 1),
(81, 'family40', '$2a$10$N.zmdr9k7uOCQb376NoUnuTJ8iAt6Z5EHsM8lE9lBOsl7iAt6Z5EH', '家属40', 0, '138001380539', 'family40@smartcare.com', 'family', '家属', NULL, 1),
(82, 'family41', '$2a$10$N.zmdr9k7uOCQb376NoUnuTJ8iAt6Z5EHsM8lE9lBOsl7iAt6Z5EH', '家属41', 1, '138001380540', 'family41@smartcare.com', 'family', '家属', NULL, 1),
(83, 'family42', '$2a$10$N.zmdr9k7uOCQb376NoUnuTJ8iAt6Z5EHsM8lE9lBOsl7iAt6Z5EH', '家属42', 0, '138001380541', 'family42@smartcare.com', 'family', '家属', NULL, 1),
(84, 'family43', '$2a$10$N.zmdr9k7uOCQb376NoUnuTJ8iAt6Z5EHsM8lE9lBOsl7iAt6Z5EH', '家属43', 1, '138001380542', 'family43@smartcare.com', 'family', '家属', NULL, 1),
(85, 'family44', '$2a$10$N.zmdr9k7uOCQb376NoUnuTJ8iAt6Z5EHsM8lE9lBOsl7iAt6Z5EH', '家属44', 1, '138001380543', 'family44@smartcare.com', 'family', '家属', NULL, 1),
(86, 'family45', '$2a$10$N.zmdr9k7uOCQb376NoUnuTJ8iAt6Z5EHsM8lE9lBOsl7iAt6Z5EH', '家属45', 0, '138001380544', 'family45@smartcare.com', 'family', '家属', NULL, 1),
(87, 'family46', '$2a$10$N.zmdr9k7uOCQb376NoUnuTJ8iAt6Z5EHsM8lE9lBOsl7iAt6Z5EH', '家属46', 0, '138001380545', 'family46@smartcare.com', 'family', '家属', NULL, 1),
(88, 'family47', '$2a$10$N.zmdr9k7uOCQb376NoUnuTJ8iAt6Z5EHsM8lE9lBOsl7iAt6Z5EH', '家属47', 0, '138001380546', 'family47@smartcare.com', 'family', '家属', NULL, 1),
(89, 'family48', '$2a$10$N.zmdr9k7uOCQb376NoUnuTJ8iAt6Z5EHsM8lE9lBOsl7iAt6Z5EH', '家属48', 1, '138001380547', 'family48@smartcare.com', 'family', '家属', NULL, 1),
(90, 'family49', '$2a$10$N.zmdr9k7uOCQb376NoUnuTJ8iAt6Z5EHsM8lE9lBOsl7iAt6Z5EH', '家属49', 0, '138001380548', 'family49@smartcare.com', 'family', '家属', NULL, 1),
(91, 'family50', '$2a$10$N.zmdr9k7uOCQb376NoUnuTJ8iAt6Z5EHsM8lE9lBOsl7iAt6Z5EH', '家属50', 0, '138001380549', 'family50@smartcare.com', 'family', '家属', NULL, 1);

-- =====================================================
-- 3. 医生信息数据
-- =====================================================
TRUNCATE TABLE t_doctor;
INSERT INTO t_doctor (id, user_id, organization_id, employee_number, name, gender, phone, email, department, title, specialization, experience_years, max_patients, status) VALUES
(1, 7, 3, 'DOC0001', '张伟医生', '女', '138001380200', 'doctor1@smartcare.com', '老年科', '主治医师', '老年慢性病管理', 11, 41, 1),
(2, 8, 1, 'DOC0002', '李娜医生', '女', '138001380201', 'doctor2@smartcare.com', '内科', '副主任医师', '老年慢性病管理', 5, 58, 1),
(3, 9, 3, 'DOC0003', '王芳医生', '男', '138001380202', 'doctor3@smartcare.com', '外科', '主任医师', '老年慢性病管理', 24, 40, 1),
(4, 10, 1, 'DOC0004', '刘强医生', '女', '138001380203', 'doctor4@smartcare.com', '康复科', '医师', '老年慢性病管理', 24, 54, 1),
(5, 11, 2, 'DOC0005', '陈敏医生', '女', '138001380204', 'doctor5@smartcare.com', '外科', '主任医师', '老年慢性病管理', 24, 56, 1),
(6, 12, 4, 'DOC0006', '杨洋医生', '女', '138001380205', 'doctor6@smartcare.com', '外科', '主治医师', '老年慢性病管理', 14, 59, 1),
(7, 13, 4, 'DOC0007', '赵丽医生', '女', '138001380206', 'doctor7@smartcare.com', '中医科', '副主任医师', '老年慢性病管理', 22, 45, 1),
(8, 14, 4, 'DOC0008', '黄刚医生', '男', '138001380207', 'doctor8@smartcare.com', '外科', '副主任医师', '老年慢性病管理', 30, 50, 1),
(9, 15, 2, 'DOC0009', '周静医生', '女', '138001380208', 'doctor9@smartcare.com', '内科', '主任医师', '老年慢性病管理', 24, 50, 1),
(10, 16, 3, 'DOC0010', '吴军医生', '男', '138001380209', 'doctor10@smartcare.com', '外科', '医师', '老年慢性病管理', 27, 49, 1);

-- =====================================================
-- 4. 护工信息数据
-- =====================================================
TRUNCATE TABLE nurse_info;
INSERT INTO nurse_info (id, user_id, organization_id, employee_number, name, gender, phone, work_area, max_care_count, status) VALUES
(1, 17, 2, 'NUR0001', '护工1', 1, '138001380300', '三病区', 3, 1),
(2, 18, 3, 'NUR0002', '护工2', 0, '138001380301', '二病区', 6, 1),
(3, 19, 3, 'NUR0003', '护工3', 0, '138001380302', '二病区', 4, 1),
(4, 20, 1, 'NUR0004', '护工4', 1, '138001380303', '一病区', 6, 1),
(5, 21, 2, 'NUR0005', '护工5', 0, '138001380304', '四病区', 4, 1),
(6, 22, 1, 'NUR0006', '护工6', 0, '138001380305', '二病区', 3, 1),
(7, 23, 1, 'NUR0007', '护工7', 0, '138001380306', '一病区', 6, 1),
(8, 24, 1, 'NUR0008', '护工8', 1, '138001380307', '一病区', 3, 1),
(9, 25, 4, 'NUR0009', '护工9', 1, '138001380308', '一病区', 5, 1),
(10, 26, 1, 'NUR0010', '护工10', 1, '138001380309', '一病区', 4, 1),
(11, 27, 2, 'NUR0011', '护工11', 0, '138001380310', '二病区', 6, 1),
(12, 28, 3, 'NUR0012', '护工12', 1, '138001380311', '一病区', 5, 1),
(13, 29, 3, 'NUR0013', '护工13', 0, '138001380312', '二病区', 3, 1),
(14, 30, 1, 'NUR0014', '护工14', 1, '138001380313', '四病区', 4, 1),
(15, 31, 1, 'NUR0015', '护工15', 0, '138001380314', '二病区', 5, 1),
(16, 32, 3, 'NUR0016', '护工16', 0, '138001380315', '三病区', 5, 1),
(17, 33, 2, 'NUR0017', '护工17', 1, '138001380316', '四病区', 6, 1),
(18, 34, 2, 'NUR0018', '护工18', 0, '138001380317', '二病区', 5, 1),
(19, 35, 4, 'NUR0019', '护工19', 1, '138001380318', '二病区', 5, 1),
(20, 36, 3, 'NUR0020', '护工20', 0, '138001380319', '二病区', 5, 1);

-- =====================================================
-- 5. 社工信息数据
-- =====================================================
TRUNCATE TABLE social_worker_info;
INSERT INTO social_worker_info (id, user_id, organization_id, employee_number, name, gender, phone, specialization, status) VALUES
(1, 37, 1, 'SW0001', '社工1', 1, '138001380400', '心理咨询与康复辅导', 1),
(2, 38, 4, 'SW0002', '社工2', 1, '138001380401', '心理咨询与康复辅导', 1),
(3, 39, 4, 'SW0003', '社工3', 1, '138001380402', '心理咨询与康复辅导', 1),
(4, 40, 1, 'SW0004', '社工4', 1, '138001380403', '心理咨询与康复辅导', 1),
(5, 41, 1, 'SW0005', '社工5', 0, '138001380404', '心理咨询与康复辅导', 1);

-- =====================================================
-- 6. 老人档案数据
-- =====================================================
TRUNCATE TABLE elderly;
INSERT INTO elderly (id, organization_id, name, gender, birth_date, id_card, phone, address, room_number, admission_date, admission_type, health_status, care_level, disability_level, payment_method, responsible_doctor_id, responsible_nurse_id, status) VALUES
(1, 4, '李霞', 0, '1934-09-30', '110101193409300001', '13800138000', '北京市朝阳区XX街道XX号', '111', '2024-03-10', 'long_term', 'poor', 3, 1, 'self', 4, 10, 1),
(2, 3, '马军', 1, '1937-05-21', '110101193705210002', '13800138001', '北京市朝阳区XX街道XX号', '420', '2022-01-23', 'long_term', 'fair', 3, 2, 'government', 3, 14, 1),
(3, 4, '周敏', 0, '1935-05-02', '110101193505020003', '13800138002', '北京市朝阳区XX街道XX号', '407', '2023-02-01', 'long_term', 'poor', 3, 3, 'self', 2, 2, 1),
(4, 4, '张国', 1, '1943-01-11', '110101194301110004', '13800138003', '北京市朝阳区XX街道XX号', '501', '2023-12-09', 'long_term', 'poor', 2, 2, 'insurance', 7, 16, 1),
(5, 1, '周军', 1, '1943-04-30', '110101194304300005', '13800138004', '北京市朝阳区XX街道XX号', '205', '2022-05-05', 'long_term', 'fair', 1, 2, 'insurance', 5, 19, 1),
(6, 2, '刘国', 1, '1941-04-14', '110101194104140006', '13800138005', '北京市朝阳区XX街道XX号', '304', '2022-03-30', 'long_term', 'fair', 1, 2, 'insurance', 9, 17, 1),
(7, 4, '罗兰', 0, '1936-06-20', '110101193606200007', '13800138006', '北京市朝阳区XX街道XX号', '407', '2024-03-26', 'long_term', 'poor', 1, 3, 'insurance', 5, 13, 1),
(8, 1, '朱梅', 0, '1948-07-02', '110101194807020008', '13800138007', '北京市朝阳区XX街道XX号', '118', '2024-05-07', 'long_term', 'poor', 3, 2, 'government', 8, 20, 1),
(9, 1, '张明', 1, '1937-02-01', '110101193702010009', '13800138008', '北京市朝阳区XX街道XX号', '401', '2024-05-16', 'long_term', 'poor', 1, 2, 'self', 10, 16, 1),
(10, 4, '徐霞', 0, '1958-01-07', '110101195801070010', '13800138009', '北京市朝阳区XX街道XX号', '505', '2023-09-16', 'long_term', 'poor', 1, 2, 'self', 5, 10, 1),
(11, 4, '林国', 1, '1954-12-31', '110101195412310011', '13800138010', '北京市朝阳区XX街道XX号', '104', '2024-04-07', 'long_term', 'good', 1, 3, 'government', 5, 20, 1),
(12, 2, '罗梅', 0, '1952-07-16', '110101195207160012', '13800138011', '北京市朝阳区XX街道XX号', '304', '2023-08-02', 'long_term', 'poor', 1, 3, 'self', 4, 2, 1),
(13, 4, '张敏', 0, '1932-03-02', '110101193203020013', '13800138012', '北京市朝阳区XX街道XX号', '401', '2023-03-05', 'long_term', 'fair', 3, 1, 'government', 9, 2, 1),
(14, 2, '何静', 0, '1936-10-02', '110101193610020014', '13800138013', '北京市朝阳区XX街道XX号', '419', '2024-06-01', 'long_term', 'poor', 1, 1, 'government', 10, 11, 1),
(15, 3, '陈梅', 0, '1943-11-21', '110101194311210015', '13800138014', '北京市朝阳区XX街道XX号', '210', '2023-10-06', 'long_term', 'poor', 3, 1, 'self', 4, 5, 1),
(16, 3, '胡刚', 1, '1955-02-17', '110101195502170016', '13800138015', '北京市朝阳区XX街道XX号', '511', '2023-01-07', 'long_term', 'good', 2, 2, 'self', 9, 4, 1),
(17, 4, '吴梅', 0, '1953-11-20', '110101195311200017', '13800138016', '北京市朝阳区XX街道XX号', '504', '2023-11-16', 'long_term', 'poor', 1, 3, 'self', 7, 20, 1),
(18, 1, '马梅', 0, '1950-02-25', '110101195002250018', '13800138017', '北京市朝阳区XX街道XX号', '501', '2023-12-15', 'long_term', 'good', 1, 1, 'government', 4, 16, 1),
(19, 4, '胡丽', 0, '1951-03-19', '110101195103190019', '13800138018', '北京市朝阳区XX街道XX号', '311', '2022-04-17', 'long_term', 'good', 3, 1, 'government', 9, 4, 1),
(20, 3, '罗静', 0, '1949-07-08', '110101194907080020', '13800138019', '北京市朝阳区XX街道XX号', '318', '2023-06-11', 'long_term', 'good', 2, 2, 'government', 1, 12, 1),
(21, 1, '罗明', 1, '1932-05-19', '110101193205190021', '13800138020', '北京市朝阳区XX街道XX号', '214', '2023-01-08', 'long_term', 'fair', 3, 1, 'insurance', 5, 8, 1),
(22, 3, '刘明', 1, '1948-06-01', '110101194806010022', '13800138021', '北京市朝阳区XX街道XX号', '110', '2023-05-07', 'long_term', 'fair', 2, 2, 'self', 7, 13, 1),
(23, 1, '郭国', 1, '1934-07-01', '110101193407010023', '13800138022', '北京市朝阳区XX街道XX号', '315', '2022-06-03', 'long_term', 'fair', 1, 1, 'insurance', 6, 3, 1),
(24, 4, '杨静', 0, '1960-06-13', '110101196006130024', '13800138023', '北京市朝阳区XX街道XX号', '207', '2024-03-03', 'long_term', 'poor', 2, 2, 'self', 6, 9, 1),
(25, 2, '胡刚', 1, '1952-08-29', '110101195208290025', '13800138024', '北京市朝阳区XX街道XX号', '311', '2022-04-10', 'long_term', 'poor', 3, 1, 'self', 8, 6, 1),
(26, 4, '刘秀', 0, '1932-04-22', '110101193204220026', '13800138025', '北京市朝阳区XX街道XX号', '420', '2022-08-26', 'long_term', 'poor', 1, 3, 'insurance', 9, 7, 1),
(27, 2, '高军', 1, '1935-12-18', '110101193512180027', '13800138026', '北京市朝阳区XX街道XX号', '406', '2023-01-30', 'long_term', 'good', 3, 1, 'self', 2, 12, 1),
(28, 4, '孙刚', 1, '1951-12-27', '110101195112270028', '13800138027', '北京市朝阳区XX街道XX号', '313', '2024-06-11', 'long_term', 'fair', 3, 1, 'government', 8, 19, 1),
(29, 4, '杨勇', 1, '1950-02-15', '110101195002150029', '13800138028', '北京市朝阳区XX街道XX号', '202', '2023-02-17', 'long_term', 'poor', 3, 2, 'insurance', 3, 17, 1),
(30, 2, '周国', 1, '1940-04-11', '110101194004110030', '13800138029', '北京市朝阳区XX街道XX号', '316', '2023-03-02', 'long_term', 'fair', 3, 3, 'insurance', 5, 8, 1),
(31, 4, '孙明', 1, '1956-12-05', '110101195612050031', '13800138030', '北京市朝阳区XX街道XX号', '515', '2022-06-02', 'long_term', 'fair', 3, 3, 'insurance', 3, 20, 1),
(32, 3, '徐明', 1, '1933-05-15', '110101193305150032', '13800138031', '北京市朝阳区XX街道XX号', '316', '2023-02-12', 'long_term', 'fair', 2, 2, 'self', 6, 10, 1),
(33, 3, '罗娟', 0, '1956-09-29', '110101195609290033', '13800138032', '北京市朝阳区XX街道XX号', '320', '2024-06-15', 'long_term', 'poor', 3, 1, 'self', 3, 13, 1),
(34, 3, '林伟', 1, '1932-09-24', '110101193209240034', '13800138033', '北京市朝阳区XX街道XX号', '207', '2023-08-27', 'long_term', 'fair', 3, 2, 'government', 3, 16, 1),
(35, 2, '朱霞', 0, '1949-04-24', '110101194904240035', '13800138034', '北京市朝阳区XX街道XX号', '105', '2023-05-18', 'long_term', 'poor', 3, 2, 'insurance', 4, 18, 1),
(36, 2, '胡红', 0, '1943-07-23', '110101194307230036', '13800138035', '北京市朝阳区XX街道XX号', '514', '2022-11-01', 'long_term', 'good', 1, 2, 'self', 6, 19, 1),
(37, 4, '郭芳', 0, '1950-08-30', '110101195008300037', '13800138036', '北京市朝阳区XX街道XX号', '211', '2024-07-05', 'long_term', 'poor', 1, 2, 'self', 4, 17, 1),
(38, 1, '罗伟', 1, '1947-12-18', '110101194712180038', '13800138037', '北京市朝阳区XX街道XX号', '305', '2023-08-15', 'long_term', 'poor', 3, 3, 'government', 2, 1, 1),
(39, 1, '赵国', 1, '1933-01-26', '110101193301260039', '13800138038', '北京市朝阳区XX街道XX号', '118', '2022-10-17', 'long_term', 'good', 1, 2, 'insurance', 3, 10, 1),
(40, 2, '胡勇', 1, '1957-12-04', '110101195712040040', '13800138039', '北京市朝阳区XX街道XX号', '216', '2023-09-26', 'long_term', 'fair', 1, 3, 'government', 10, 20, 1),
(41, 1, '李娟', 0, '1957-04-18', '110101195704180041', '13800138040', '北京市朝阳区XX街道XX号', '409', '2024-05-26', 'long_term', 'poor', 1, 2, 'government', 2, 12, 1),
(42, 1, '吴静', 0, '1942-10-19', '110101194210190042', '13800138041', '北京市朝阳区XX街道XX号', '405', '2023-01-14', 'long_term', 'fair', 2, 2, 'government', 1, 13, 1),
(43, 2, '王丽', 0, '1960-11-21', '110101196011210043', '13800138042', '北京市朝阳区XX街道XX号', '520', '2023-08-25', 'long_term', 'poor', 1, 3, 'government', 3, 7, 1),
(44, 4, '刘丽', 0, '1938-08-19', '110101193808190044', '13800138043', '北京市朝阳区XX街道XX号', '119', '2023-06-08', 'long_term', 'good', 1, 2, 'self', 3, 11, 1),
(45, 1, '胡强', 1, '1930-01-24', '110101193001240045', '13800138044', '北京市朝阳区XX街道XX号', '208', '2023-09-26', 'long_term', 'fair', 1, 1, 'government', 3, 2, 1),
(46, 3, '高文', 1, '1951-10-15', '110101195110150046', '13800138045', '北京市朝阳区XX街道XX号', '108', '2024-05-07', 'long_term', 'poor', 1, 2, 'government', 9, 7, 1),
(47, 1, '马芳', 0, '1950-04-28', '110101195004280047', '13800138046', '北京市朝阳区XX街道XX号', '113', '2022-05-30', 'long_term', 'good', 2, 3, 'government', 7, 11, 1),
(48, 1, '陈娟', 0, '1955-02-12', '110101195502120048', '13800138047', '北京市朝阳区XX街道XX号', '210', '2024-02-29', 'long_term', 'fair', 3, 1, 'insurance', 1, 15, 1),
(49, 2, '林勇', 1, '1938-12-10', '110101193812100049', '13800138048', '北京市朝阳区XX街道XX号', '411', '2024-09-24', 'long_term', 'good', 3, 3, 'insurance', 9, 2, 1),
(50, 4, '李娟', 0, '1941-02-19', '110101194102190050', '13800138049', '北京市朝阳区XX街道XX号', '401', '2024-07-12', 'long_term', 'fair', 3, 2, 'government', 2, 19, 1),
(51, 3, '高强', 1, '1955-12-09', '110101195512090051', '13800138050', '北京市朝阳区XX街道XX号', '410', '2024-06-02', 'long_term', 'good', 3, 2, 'government', 9, 3, 1),
(52, 2, '黄霞', 0, '1957-09-13', '110101195709130052', '13800138051', '北京市朝阳区XX街道XX号', '508', '2023-08-27', 'long_term', 'good', 2, 3, 'insurance', 6, 13, 1),
(53, 3, '赵强', 1, '1955-07-10', '110101195507100053', '13800138052', '北京市朝阳区XX街道XX号', '116', '2022-05-18', 'long_term', 'poor', 3, 3, 'government', 5, 11, 1),
(54, 4, '李霞', 0, '1951-09-26', '110101195109260054', '13800138053', '北京市朝阳区XX街道XX号', '405', '2022-08-17', 'long_term', 'poor', 3, 2, 'insurance', 6, 10, 1),
(55, 2, '王霞', 0, '1951-06-17', '110101195106170055', '13800138054', '北京市朝阳区XX街道XX号', '416', '2024-01-14', 'long_term', 'poor', 3, 3, 'insurance', 7, 11, 1),
(56, 2, '赵强', 1, '1933-06-16', '110101193306160056', '13800138055', '北京市朝阳区XX街道XX号', '208', '2023-03-21', 'long_term', 'good', 2, 1, 'government', 1, 3, 1),
(57, 3, '周文', 1, '1937-08-22', '110101193708220057', '13800138056', '北京市朝阳区XX街道XX号', '307', '2024-05-09', 'long_term', 'good', 3, 3, 'insurance', 4, 6, 1),
(58, 3, '黄丽', 0, '1946-11-11', '110101194611110058', '13800138057', '北京市朝阳区XX街道XX号', '411', '2024-06-21', 'long_term', 'poor', 1, 2, 'government', 1, 12, 1),
(59, 2, '李军', 1, '1932-02-12', '110101193202120059', '13800138058', '北京市朝阳区XX街道XX号', '311', '2024-02-12', 'long_term', 'fair', 2, 3, 'insurance', 9, 20, 1),
(60, 3, '王静', 0, '1945-12-21', '110101194512210060', '13800138059', '北京市朝阳区XX街道XX号', '118', '2023-02-11', 'long_term', 'good', 2, 2, 'insurance', 8, 9, 1),
(61, 2, '马丽', 0, '1956-12-15', '110101195612150061', '13800138060', '北京市朝阳区XX街道XX号', '209', '2023-10-27', 'long_term', 'good', 2, 3, 'self', 7, 7, 1),
(62, 3, '孙敏', 0, '1956-07-13', '110101195607130062', '13800138061', '北京市朝阳区XX街道XX号', '118', '2024-03-07', 'long_term', 'good', 1, 1, 'government', 3, 8, 1),
(63, 3, '赵建', 1, '1959-08-02', '110101195908020063', '13800138062', '北京市朝阳区XX街道XX号', '213', '2024-08-20', 'long_term', 'fair', 1, 2, 'insurance', 2, 3, 1),
(64, 1, '罗静', 0, '1940-07-31', '110101194007310064', '13800138063', '北京市朝阳区XX街道XX号', '504', '2022-01-02', 'long_term', 'good', 2, 2, 'government', 6, 15, 1),
(65, 2, '吴刚', 1, '1941-10-25', '110101194110250065', '13800138064', '北京市朝阳区XX街道XX号', '411', '2023-06-22', 'long_term', 'good', 1, 1, 'government', 1, 18, 1),
(66, 4, '何刚', 1, '1949-01-12', '110101194901120066', '13800138065', '北京市朝阳区XX街道XX号', '417', '2022-07-20', 'long_term', 'poor', 3, 3, 'self', 7, 1, 1),
(67, 4, '何丽', 0, '1934-07-13', '110101193407130067', '13800138066', '北京市朝阳区XX街道XX号', '314', '2024-05-24', 'long_term', 'good', 2, 3, 'government', 2, 3, 1),
(68, 1, '李建', 1, '1957-11-24', '110101195711240068', '13800138067', '北京市朝阳区XX街道XX号', '309', '2022-08-31', 'long_term', 'good', 2, 3, 'government', 6, 15, 1),
(69, 2, '郭霞', 0, '1954-07-19', '110101195407190069', '13800138068', '北京市朝阳区XX街道XX号', '216', '2024-09-19', 'long_term', 'poor', 1, 2, 'insurance', 5, 4, 1),
(70, 2, '王刚', 1, '1949-04-02', '110101194904020070', '13800138069', '北京市朝阳区XX街道XX号', '507', '2024-08-03', 'long_term', 'fair', 3, 1, 'insurance', 1, 11, 1),
(71, 2, '徐国', 1, '1932-06-21', '110101193206210071', '13800138070', '北京市朝阳区XX街道XX号', '302', '2022-08-01', 'long_term', 'good', 2, 1, 'self', 1, 7, 1),
(72, 2, '王明', 1, '1952-02-27', '110101195202270072', '13800138071', '北京市朝阳区XX街道XX号', '209', '2022-12-22', 'long_term', 'good', 3, 3, 'government', 10, 7, 1),
(73, 3, '郭红', 0, '1953-09-26', '110101195309260073', '13800138072', '北京市朝阳区XX街道XX号', '203', '2023-01-27', 'long_term', 'poor', 2, 2, 'government', 8, 15, 1),
(74, 3, '朱霞', 0, '1931-01-31', '110101193101310074', '13800138073', '北京市朝阳区XX街道XX号', '116', '2023-11-30', 'long_term', 'poor', 3, 2, 'self', 3, 10, 1),
(75, 2, '黄静', 0, '1957-08-24', '110101195708240075', '13800138074', '北京市朝阳区XX街道XX号', '517', '2023-05-14', 'long_term', 'fair', 1, 2, 'government', 3, 2, 1),
(76, 2, '陈强', 1, '1935-07-04', '110101193507040076', '13800138075', '北京市朝阳区XX街道XX号', '205', '2023-06-19', 'long_term', 'poor', 1, 3, 'government', 7, 4, 1),
(77, 4, '孙军', 1, '1951-10-16', '110101195110160077', '13800138076', '北京市朝阳区XX街道XX号', '104', '2022-10-06', 'long_term', 'poor', 1, 2, 'insurance', 10, 3, 1),
(78, 4, '杨文', 1, '1944-07-05', '110101194407050078', '13800138077', '北京市朝阳区XX街道XX号', '210', '2022-06-26', 'long_term', 'fair', 1, 1, 'self', 2, 15, 1),
(79, 2, '赵华', 1, '1948-01-23', '110101194801230079', '13800138078', '北京市朝阳区XX街道XX号', '303', '2023-02-28', 'long_term', 'fair', 3, 1, 'government', 1, 12, 1),
(80, 2, '徐伟', 1, '1935-05-10', '110101193505100080', '13800138079', '北京市朝阳区XX街道XX号', '316', '2024-03-07', 'long_term', 'good', 1, 1, 'self', 2, 9, 1),
(81, 3, '罗建', 1, '1941-06-07', '110101194106070081', '13800138080', '北京市朝阳区XX街道XX号', '516', '2023-03-05', 'long_term', 'good', 3, 2, 'insurance', 1, 2, 1),
(82, 4, '郭强', 1, '1953-12-13', '110101195312130082', '13800138081', '北京市朝阳区XX街道XX号', '117', '2022-08-14', 'long_term', 'good', 2, 3, 'government', 8, 18, 1),
(83, 3, '徐强', 1, '1949-04-11', '110101194904110083', '13800138082', '北京市朝阳区XX街道XX号', '309', '2024-02-03', 'long_term', 'fair', 3, 3, 'government', 8, 5, 1),
(84, 3, '周秀', 0, '1953-04-25', '110101195304250084', '13800138083', '北京市朝阳区XX街道XX号', '408', '2024-08-10', 'long_term', 'good', 2, 2, 'insurance', 10, 11, 1),
(85, 2, '何国', 1, '1952-06-03', '110101195206030085', '13800138084', '北京市朝阳区XX街道XX号', '309', '2023-09-06', 'long_term', 'good', 2, 3, 'self', 8, 6, 1),
(86, 4, '王丽', 0, '1941-08-30', '110101194108300086', '13800138085', '北京市朝阳区XX街道XX号', '201', '2023-05-13', 'long_term', 'poor', 3, 1, 'government', 3, 14, 1),
(87, 1, '吴刚', 1, '1936-12-11', '110101193612110087', '13800138086', '北京市朝阳区XX街道XX号', '309', '2022-08-31', 'long_term', 'poor', 2, 3, 'self', 1, 9, 1),
(88, 4, '杨敏', 0, '1934-06-01', '110101193406010088', '13800138087', '北京市朝阳区XX街道XX号', '107', '2022-06-29', 'long_term', 'good', 2, 2, 'self', 1, 10, 1),
(89, 1, '胡国', 1, '1955-05-09', '110101195505090089', '13800138088', '北京市朝阳区XX街道XX号', '304', '2024-07-21', 'long_term', 'poor', 1, 1, 'government', 9, 8, 1),
(90, 3, '吴霞', 0, '1944-01-23', '110101194401230090', '13800138089', '北京市朝阳区XX街道XX号', '306', '2022-12-26', 'long_term', 'poor', 1, 1, 'self', 6, 19, 1),
(91, 4, '胡娟', 0, '1933-01-20', '110101193301200091', '13800138090', '北京市朝阳区XX街道XX号', '219', '2024-05-06', 'long_term', 'poor', 3, 2, 'government', 8, 2, 1),
(92, 2, '林华', 1, '1951-11-13', '110101195111130092', '13800138091', '北京市朝阳区XX街道XX号', '311', '2024-03-18', 'long_term', 'fair', 2, 2, 'self', 6, 17, 1),
(93, 1, '王国', 1, '1932-11-03', '110101193211030093', '13800138092', '北京市朝阳区XX街道XX号', '309', '2024-06-11', 'long_term', 'fair', 1, 3, 'insurance', 7, 19, 1),
(94, 3, '何秀', 0, '1935-03-08', '110101193503080094', '13800138093', '北京市朝阳区XX街道XX号', '401', '2023-07-31', 'long_term', 'poor', 2, 3, 'self', 3, 5, 1),
(95, 1, '吴建', 1, '1937-06-10', '110101193706100095', '13800138094', '北京市朝阳区XX街道XX号', '208', '2022-09-04', 'long_term', 'good', 3, 3, 'government', 9, 8, 1),
(96, 3, '张红', 0, '1934-03-09', '110101193403090096', '13800138095', '北京市朝阳区XX街道XX号', '406', '2024-01-22', 'long_term', 'fair', 1, 2, 'insurance', 5, 5, 1),
(97, 3, '陈伟', 1, '1952-05-30', '110101195205300097', '13800138096', '北京市朝阳区XX街道XX号', '414', '2023-11-04', 'long_term', 'fair', 3, 3, 'government', 3, 2, 1),
(98, 2, '赵建', 1, '1940-10-20', '110101194010200098', '13800138097', '北京市朝阳区XX街道XX号', '114', '2023-02-17', 'long_term', 'fair', 2, 1, 'government', 8, 14, 1),
(99, 3, '陈梅', 0, '1946-11-04', '110101194611040099', '13800138098', '北京市朝阳区XX街道XX号', '207', '2024-03-16', 'long_term', 'poor', 3, 2, 'government', 2, 10, 1),
(100, 3, '张勇', 1, '1932-11-03', '110101193211030100', '13800138099', '北京市朝阳区XX街道XX号', '112', '2023-04-16', 'long_term', 'good', 1, 2, 'insurance', 3, 4, 1);

-- =====================================================
-- 7. 医生-老人关联数据
-- =====================================================
TRUNCATE TABLE doctor_elderly_relation;
INSERT INTO doctor_elderly_relation (doctor_id, elderly_id, relationship_type, start_date, status) VALUES
(1, 1, 'primary', '2023-08-29', 1),
(2, 2, 'primary', '2023-01-11', 1),
(3, 3, 'primary', '2023-02-25', 1),
(4, 4, 'primary', '2023-08-08', 1),
(5, 5, 'primary', '2023-11-28', 1),
(6, 6, 'primary', '2024-06-01', 1),
(7, 7, 'primary', '2023-07-20', 1),
(8, 8, 'primary', '2023-07-20', 1),
(9, 9, 'primary', '2023-05-11', 1),
(10, 10, 'primary', '2023-07-08', 1),
(1, 11, 'primary', '2023-04-14', 1),
(2, 12, 'primary', '2024-01-17', 1),
(3, 13, 'primary', '2024-06-09', 1),
(4, 14, 'primary', '2024-07-07', 1),
(5, 15, 'primary', '2024-02-14', 1),
(6, 16, 'primary', '2024-08-06', 1),
(7, 17, 'primary', '2023-05-28', 1),
(8, 18, 'primary', '2023-07-29', 1),
(9, 19, 'primary', '2023-10-25', 1),
(10, 20, 'primary', '2023-06-20', 1),
(1, 21, 'primary', '2023-10-19', 1),
(2, 22, 'primary', '2023-03-04', 1),
(3, 23, 'primary', '2023-12-09', 1),
(4, 24, 'primary', '2024-04-08', 1),
(5, 25, 'primary', '2024-08-05', 1),
(6, 26, 'primary', '2023-03-21', 1),
(7, 27, 'primary', '2023-08-27', 1),
(8, 28, 'primary', '2024-01-30', 1),
(9, 29, 'primary', '2023-08-13', 1),
(10, 30, 'primary', '2024-04-25', 1),
(1, 31, 'primary', '2023-02-28', 1),
(2, 32, 'primary', '2023-03-13', 1),
(3, 33, 'primary', '2024-05-26', 1),
(4, 34, 'primary', '2023-08-26', 1),
(5, 35, 'primary', '2024-04-17', 1),
(6, 36, 'primary', '2024-03-13', 1),
(7, 37, 'primary', '2023-05-14', 1),
(8, 38, 'primary', '2024-08-28', 1),
(9, 39, 'primary', '2023-06-07', 1),
(10, 40, 'primary', '2024-03-17', 1),
(1, 41, 'primary', '2024-07-19', 1),
(2, 42, 'primary', '2023-01-29', 1),
(3, 43, 'primary', '2024-02-07', 1),
(4, 44, 'primary', '2023-10-19', 1),
(5, 45, 'primary', '2023-07-02', 1),
(6, 46, 'primary', '2023-03-14', 1),
(7, 47, 'primary', '2024-09-21', 1),
(8, 48, 'primary', '2024-03-03', 1),
(9, 49, 'primary', '2024-02-23', 1),
(10, 50, 'primary', '2024-08-07', 1),
(1, 51, 'primary', '2023-02-03', 1),
(2, 52, 'primary', '2023-09-23', 1),
(3, 53, 'primary', '2023-03-16', 1),
(4, 54, 'primary', '2024-04-24', 1),
(5, 55, 'primary', '2023-10-30', 1),
(6, 56, 'primary', '2024-05-09', 1),
(7, 57, 'primary', '2023-09-19', 1),
(8, 58, 'primary', '2024-05-23', 1),
(9, 59, 'primary', '2024-05-09', 1),
(10, 60, 'primary', '2024-09-25', 1),
(1, 61, 'primary', '2024-07-06', 1),
(2, 62, 'primary', '2023-08-20', 1),
(3, 63, 'primary', '2023-11-08', 1),
(4, 64, 'primary', '2023-08-04', 1),
(5, 65, 'primary', '2024-08-27', 1),
(6, 66, 'primary', '2024-09-17', 1),
(7, 67, 'primary', '2023-04-11', 1),
(8, 68, 'primary', '2023-08-27', 1),
(9, 69, 'primary', '2023-05-13', 1),
(10, 70, 'primary', '2024-09-05', 1),
(1, 71, 'primary', '2023-07-21', 1),
(2, 72, 'primary', '2023-01-14', 1),
(3, 73, 'primary', '2023-03-10', 1),
(4, 74, 'primary', '2023-04-26', 1),
(5, 75, 'primary', '2024-03-01', 1),
(6, 76, 'primary', '2023-08-13', 1),
(7, 77, 'primary', '2023-09-29', 1),
(8, 78, 'primary', '2024-06-16', 1),
(9, 79, 'primary', '2023-10-27', 1),
(10, 80, 'primary', '2023-10-28', 1),
(1, 81, 'primary', '2024-05-13', 1),
(2, 82, 'primary', '2023-01-13', 1),
(3, 83, 'primary', '2024-06-06', 1),
(4, 84, 'primary', '2024-06-07', 1),
(5, 85, 'primary', '2024-03-26', 1),
(6, 86, 'primary', '2024-02-28', 1),
(7, 87, 'primary', '2024-02-22', 1),
(8, 88, 'primary', '2024-01-01', 1),
(9, 89, 'primary', '2024-02-23', 1),
(10, 90, 'primary', '2023-04-22', 1),
(1, 91, 'primary', '2024-09-15', 1),
(2, 92, 'primary', '2024-04-02', 1),
(3, 93, 'primary', '2023-10-22', 1),
(4, 94, 'primary', '2024-09-06', 1),
(5, 95, 'primary', '2024-02-29', 1),
(6, 96, 'primary', '2024-03-28', 1),
(7, 97, 'primary', '2024-06-03', 1),
(8, 98, 'primary', '2023-11-13', 1),
(9, 99, 'primary', '2023-02-27', 1),
(10, 100, 'primary', '2023-09-30', 1);

-- =====================================================
-- 8. 护工-老人关联数据
-- =====================================================
TRUNCATE TABLE nurse_elderly_relation;
INSERT INTO nurse_elderly_relation (nurse_id, elderly_id, care_level, start_date, status) VALUES
(1, 1, 1, '2024-01-25', 1),
(2, 2, 2, '2023-08-02', 1),
(3, 3, 3, '2023-04-26', 1),
(4, 4, 3, '2024-02-17', 1),
(5, 5, 1, '2024-02-29', 1),
(6, 6, 1, '2023-09-29', 1),
(7, 7, 1, '2023-12-08', 1),
(8, 8, 2, '2024-04-13', 1),
(9, 9, 2, '2023-02-08', 1),
(10, 10, 3, '2024-09-23', 1),
(11, 11, 2, '2023-07-20', 1),
(12, 12, 2, '2024-02-23', 1),
(13, 13, 1, '2024-06-15', 1),
(14, 14, 2, '2023-05-07', 1),
(15, 15, 2, '2023-08-07', 1),
(16, 16, 2, '2023-05-05', 1),
(17, 17, 1, '2023-01-07', 1),
(18, 18, 1, '2024-05-09', 1),
(19, 19, 3, '2023-06-19', 1),
(20, 20, 2, '2023-02-10', 1),
(1, 21, 2, '2024-09-15', 1),
(2, 22, 2, '2023-01-18', 1),
(3, 23, 2, '2023-11-12', 1),
(4, 24, 2, '2023-12-25', 1),
(5, 25, 3, '2023-11-03', 1),
(6, 26, 1, '2023-03-08', 1),
(7, 27, 1, '2023-02-06', 1),
(8, 28, 3, '2024-02-11', 1),
(9, 29, 2, '2023-03-22', 1),
(10, 30, 1, '2023-10-21', 1),
(11, 31, 2, '2023-05-12', 1),
(12, 32, 3, '2024-05-22', 1),
(13, 33, 2, '2023-05-11', 1),
(14, 34, 1, '2023-06-09', 1),
(15, 35, 3, '2023-05-06', 1),
(16, 36, 2, '2023-01-04', 1),
(17, 37, 2, '2024-01-17', 1),
(18, 38, 3, '2023-03-18', 1),
(19, 39, 1, '2024-09-21', 1),
(20, 40, 2, '2023-09-17', 1),
(1, 41, 2, '2023-02-27', 1),
(2, 42, 3, '2023-08-22', 1),
(3, 43, 2, '2024-09-27', 1),
(4, 44, 1, '2024-07-04', 1),
(5, 45, 1, '2023-01-20', 1),
(6, 46, 3, '2024-01-19', 1),
(7, 47, 2, '2023-10-14', 1),
(8, 48, 3, '2024-08-29', 1),
(9, 49, 3, '2023-06-17', 1),
(10, 50, 2, '2023-10-16', 1),
(11, 51, 2, '2023-06-24', 1),
(12, 52, 3, '2023-01-29', 1),
(13, 53, 1, '2024-06-08', 1),
(14, 54, 3, '2023-05-05', 1),
(15, 55, 1, '2024-01-06', 1),
(16, 56, 3, '2023-03-05', 1),
(17, 57, 2, '2023-02-22', 1),
(18, 58, 2, '2023-10-27', 1),
(19, 59, 1, '2024-02-15', 1),
(20, 60, 1, '2024-03-07', 1),
(1, 61, 1, '2024-06-04', 1),
(2, 62, 1, '2024-06-16', 1),
(3, 63, 3, '2024-01-06', 1),
(4, 64, 2, '2023-01-12', 1),
(5, 65, 2, '2023-04-08', 1),
(6, 66, 1, '2023-02-23', 1),
(7, 67, 3, '2023-02-15', 1),
(8, 68, 1, '2023-05-08', 1),
(9, 69, 2, '2023-09-10', 1),
(10, 70, 2, '2024-06-25', 1),
(11, 71, 1, '2023-11-18', 1),
(12, 72, 2, '2023-01-26', 1),
(13, 73, 2, '2023-08-15', 1),
(14, 74, 2, '2024-03-13', 1),
(15, 75, 3, '2024-06-04', 1),
(16, 76, 3, '2024-02-29', 1),
(17, 77, 2, '2023-09-23', 1),
(18, 78, 2, '2024-07-25', 1),
(19, 79, 1, '2024-01-18', 1),
(20, 80, 1, '2023-03-10', 1),
(1, 81, 1, '2023-10-07', 1),
(2, 82, 1, '2024-04-30', 1),
(3, 83, 2, '2024-08-31', 1),
(4, 84, 1, '2024-08-10', 1),
(5, 85, 2, '2023-11-08', 1),
(6, 86, 1, '2023-01-09', 1),
(7, 87, 1, '2024-02-09', 1),
(8, 88, 1, '2024-03-04', 1),
(9, 89, 2, '2023-02-24', 1),
(10, 90, 1, '2023-06-24', 1),
(11, 91, 2, '2023-03-20', 1),
(12, 92, 1, '2024-07-14', 1),
(13, 93, 1, '2024-09-14', 1),
(14, 94, 1, '2023-07-16', 1),
(15, 95, 3, '2023-08-16', 1),
(16, 96, 2, '2024-04-18', 1),
(17, 97, 3, '2023-12-27', 1),
(18, 98, 3, '2024-03-14', 1),
(19, 99, 1, '2024-02-04', 1),
(20, 100, 2, '2023-01-12', 1);

-- =====================================================
-- 9. 家属-老人关联数据
-- =====================================================
TRUNCATE TABLE family_elderly_relation;
INSERT INTO family_elderly_relation (family_user_id, elderly_id, relationship_type, relationship_name, is_primary, is_emergency, contact_priority, authorized_operations, status) VALUES
(42, 1, 'child', '儿子', 1, 1, 1, '{"view_basic":true,"view_health":true,"view_records":false,"receive_alerts":true}', 1),
(43, 2, 'child', '女儿', 1, 1, 1, '{"view_basic":true,"view_health":false,"view_records":false,"receive_alerts":true}', 1),
(44, 3, 'child', '儿媳', 1, 1, 1, '{"view_basic":true,"view_health":true,"view_records":true,"receive_alerts":true}', 1),
(45, 4, 'child', '女婿', 1, 1, 1, '{"view_basic":true,"view_health":false,"view_records":false,"receive_alerts":true}', 1),
(46, 5, 'grandchild', '孙子', 1, 1, 1, '{"view_basic":true,"view_health":true,"view_records":false,"receive_alerts":true}', 1),
(47, 6, 'grandchild', '孙女', 1, 1, 1, '{"view_basic":true,"view_health":false,"view_records":false,"receive_alerts":true}', 1),
(48, 7, 'child', '儿子', 1, 1, 1, '{"view_basic":true,"view_health":false,"view_records":false,"receive_alerts":true}', 1),
(49, 8, 'child', '女儿', 1, 1, 1, '{"view_basic":true,"view_health":true,"view_records":false,"receive_alerts":true}', 1),
(50, 9, 'child', '儿媳', 1, 1, 1, '{"view_basic":true,"view_health":false,"view_records":false,"receive_alerts":true}', 1),
(51, 10, 'child', '女婿', 1, 1, 1, '{"view_basic":true,"view_health":true,"view_records":false,"receive_alerts":true}', 1),
(52, 11, 'grandchild', '孙子', 1, 1, 1, '{"view_basic":true,"view_health":true,"view_records":false,"receive_alerts":true}', 1),
(53, 12, 'grandchild', '孙女', 1, 1, 1, '{"view_basic":true,"view_health":true,"view_records":true,"receive_alerts":true}', 1),
(54, 13, 'child', '儿子', 1, 1, 1, '{"view_basic":true,"view_health":false,"view_records":false,"receive_alerts":true}', 1),
(55, 14, 'child', '女儿', 1, 1, 1, '{"view_basic":true,"view_health":true,"view_records":true,"receive_alerts":true}', 1),
(56, 15, 'child', '儿媳', 1, 1, 1, '{"view_basic":true,"view_health":false,"view_records":false,"receive_alerts":true}', 1),
(57, 16, 'child', '女婿', 1, 1, 1, '{"view_basic":true,"view_health":false,"view_records":false,"receive_alerts":true}', 1),
(58, 17, 'grandchild', '孙子', 1, 1, 1, '{"view_basic":true,"view_health":false,"view_records":false,"receive_alerts":true}', 1),
(59, 18, 'grandchild', '孙女', 1, 1, 1, '{"view_basic":true,"view_health":false,"view_records":false,"receive_alerts":true}', 1),
(60, 19, 'child', '儿子', 1, 1, 1, '{"view_basic":true,"view_health":true,"view_records":true,"receive_alerts":true}', 1),
(61, 20, 'child', '女儿', 1, 1, 1, '{"view_basic":true,"view_health":false,"view_records":false,"receive_alerts":true}', 1),
(62, 21, 'child', '儿媳', 1, 1, 1, '{"view_basic":true,"view_health":true,"view_records":true,"receive_alerts":true}', 1),
(63, 22, 'child', '女婿', 1, 1, 1, '{"view_basic":true,"view_health":false,"view_records":false,"receive_alerts":true}', 1),
(64, 23, 'grandchild', '孙子', 1, 1, 1, '{"view_basic":true,"view_health":false,"view_records":false,"receive_alerts":true}', 1),
(65, 24, 'grandchild', '孙女', 1, 1, 1, '{"view_basic":true,"view_health":true,"view_records":false,"receive_alerts":true}', 1),
(66, 25, 'child', '儿子', 1, 1, 1, '{"view_basic":true,"view_health":true,"view_records":true,"receive_alerts":true}', 1),
(67, 26, 'child', '女儿', 1, 1, 1, '{"view_basic":true,"view_health":true,"view_records":false,"receive_alerts":true}', 1),
(68, 27, 'child', '儿媳', 1, 1, 1, '{"view_basic":true,"view_health":false,"view_records":false,"receive_alerts":true}', 1),
(69, 28, 'child', '女婿', 1, 1, 1, '{"view_basic":true,"view_health":true,"view_records":false,"receive_alerts":true}', 1),
(70, 29, 'grandchild', '孙子', 1, 1, 1, '{"view_basic":true,"view_health":true,"view_records":true,"receive_alerts":true}', 1),
(71, 30, 'grandchild', '孙女', 1, 1, 1, '{"view_basic":true,"view_health":true,"view_records":false,"receive_alerts":true}', 1),
(72, 31, 'child', '儿子', 1, 1, 1, '{"view_basic":true,"view_health":true,"view_records":true,"receive_alerts":true}', 1),
(73, 32, 'child', '女儿', 1, 1, 1, '{"view_basic":true,"view_health":true,"view_records":false,"receive_alerts":true}', 1),
(74, 33, 'child', '儿媳', 1, 1, 1, '{"view_basic":true,"view_health":false,"view_records":false,"receive_alerts":true}', 1),
(75, 34, 'child', '女婿', 1, 1, 1, '{"view_basic":true,"view_health":true,"view_records":true,"receive_alerts":true}', 1),
(76, 35, 'grandchild', '孙子', 1, 1, 1, '{"view_basic":true,"view_health":true,"view_records":true,"receive_alerts":true}', 1),
(77, 36, 'grandchild', '孙女', 1, 1, 1, '{"view_basic":true,"view_health":true,"view_records":false,"receive_alerts":true}', 1),
(78, 37, 'child', '儿子', 1, 1, 1, '{"view_basic":true,"view_health":false,"view_records":false,"receive_alerts":true}', 1),
(79, 38, 'child', '女儿', 1, 1, 1, '{"view_basic":true,"view_health":false,"view_records":false,"receive_alerts":true}', 1),
(80, 39, 'child', '儿媳', 1, 1, 1, '{"view_basic":true,"view_health":true,"view_records":false,"receive_alerts":true}', 1),
(81, 40, 'child', '女婿', 1, 1, 1, '{"view_basic":true,"view_health":false,"view_records":false,"receive_alerts":true}', 1),
(82, 41, 'grandchild', '孙子', 1, 1, 1, '{"view_basic":true,"view_health":true,"view_records":false,"receive_alerts":true}', 1),
(83, 42, 'grandchild', '孙女', 1, 1, 1, '{"view_basic":true,"view_health":true,"view_records":false,"receive_alerts":true}', 1),
(84, 43, 'child', '儿子', 1, 1, 1, '{"view_basic":true,"view_health":true,"view_records":false,"receive_alerts":true}', 1),
(85, 44, 'child', '女儿', 1, 1, 1, '{"view_basic":true,"view_health":true,"view_records":false,"receive_alerts":true}', 1),
(86, 45, 'child', '儿媳', 1, 1, 1, '{"view_basic":true,"view_health":true,"view_records":false,"receive_alerts":true}', 1),
(87, 46, 'child', '女婿', 1, 1, 1, '{"view_basic":true,"view_health":false,"view_records":false,"receive_alerts":true}', 1),
(88, 47, 'grandchild', '孙子', 1, 1, 1, '{"view_basic":true,"view_health":true,"view_records":true,"receive_alerts":true}', 1),
(89, 48, 'grandchild', '孙女', 1, 1, 1, '{"view_basic":true,"view_health":false,"view_records":false,"receive_alerts":true}', 1),
(90, 49, 'child', '儿子', 1, 1, 1, '{"view_basic":true,"view_health":false,"view_records":false,"receive_alerts":true}', 1),
(91, 50, 'child', '女儿', 1, 1, 1, '{"view_basic":true,"view_health":true,"view_records":true,"receive_alerts":true}', 1);

SET FOREIGN_KEY_CHECKS = 1;

-- =====================================================
-- 基础数据生成完成!
-- 总计:
--   机构: 4
--   用户: 91
--   医生: 10
--   护工: 20
--   社工: 5
--   老人: 100
--   家属: 50
-- =====================================================
